,0
K55234DF2657,IBK로우코스트TDF2030증권자투자신탁[혼합-재간접형]종류C-Re
K55234DF2459,IBK로우코스트TDF2035증권자투자신탁[혼합-재간접형]종류C-Re
K55301BU6139,미래에셋전략배분TDF2035혼합자산자투자신탁종류C-P2e
K55105BU1161,삼성한국형TDF2030증권투자신탁H[주식혼합-재간접형]Cpe(퇴직연금)
K55210BU2385,신한마음편한TDF2030증권투자신탁[주식혼합-재간접형](종류C-re)
K55206C95800,키움키워드림TDF2030증권투자신탁 1[혼합-재간접형]C-P2e(퇴직연금)
K55210BU2435,신한마음편한TDF2040증권투자신탁[주식혼합-재간접형](종류C-re)
K55213C51890,한화LIFEPLUSTDF2040증권자투자신탁(혼합-재간접형)C-RPe(퇴직연금)
K55223BT1450,KB온국민TDF2040증권투자신탁(주식혼합-재간접형)C-퇴직e
K55105BS5067,삼성한국형TDF2040증권투자신탁H[주식혼합-재간접형]C-Pe
K55101BY3944,한국투자TIF알아서평생소득증권자투자신탁(채권혼합-재간접형)(C-Re)
K55301BU5453,미래에셋평생소득TIF혼합자산자투자신탁종류C-P2e
K55301BU5479,미래에셋전략배분TDF2045혼합자산자투자신탁 종류C-P2e
K55210BU2450,신한마음편한TDF2045증권투자신탁[주식혼합-재간접형](종류C-re)
K55206C96311,키움키워드림TDF2045증권투자신탁 1[혼합-재간접형]C-P2e(퇴직연금)
KR5223AE3357,kb퇴직연금배당증권자투자신탁(주식)C-E
K55365BT3694,kcgi코리아퇴직연금증권자투자신탁(주식)종류C-Pe2
K55207BU0715,교보악사파워인덱스증권자투자신탁1호(주식)C-Pe
K55203C53681,대신KOSPI200인덱스증권자투자신탁(주식-파생형)CPe
K55234CJ0997,IBK플레인바닐라EMP증권투자신탁(혼합-재간접형)C-Re
K55301BU6253,미래에셋전략배분TDF2040혼합자산자투자신탁 종류C-P2e
K55101BT7397,한국투자TDF알아서2040증권투자신탁(주식혼합-재간접형)(C-Re)
K55364CF7048,에셋플러스슈퍼아시아리치투게더증권자투자신탁 1(주식)종류C-P2e
K55303BT4176,마이다스아시아리더스성장주연금증권자투자신탁(UH)(주식)C-Pe2
K55234BY9966,IBK베트남플러스아시아증권투자신탁[주식]종류C-Re
K55235BW6799,피델리티아시아증권자투자신탁(주식)CP-e
KR5101888398,한국투자크레딧포커스ESG증권자투자신탁 1(채권)(C-e)
KR5236AS4826,한국밸류10년투자증권투자신탁 1(채권혼합)종류C-E
KR5370AP9956,AB글로벌고수익증권투자신탁(채권-재간접형)종류형Ce
K55306CV9946,다올글로벌멀티에셋인컴EMP증권자투자신탁[혼합-재간접형](공)종류Ce
K55105BH1010,삼성클래식아세안연금증권전환형자투자신탁 1[주식]_Ce
K55301BM7459,미래에셋전략배분TDF2040혼합자산자투자신탁 종류C-Pe
K55301BM7640,미래에셋전략배분TDF2035혼합자산자투자신탁 종류C-Pe
K55213C51049,한화LIFEPLUSTDF2030증권자투자신탁(혼합-재간접형)종류C-PE(연금저축)
K55301BM7731,미래에셋전략배분TDF2030혼합자산자투자신탁 종류C-Pe
K55101BT4394,한국투자TDF알아서2030증권투자신탁(주식혼합-재간접형)(C-Pe)
K55105BS2072,삼성한국형TDF2030증권투자신탁H[주식혼합-재간접형]C-Pe
K55213C51262,한화LIFEPLUSTDF2025증권자투자신탁(혼합-재간접형)종류C-PE(연금저축)
K55301BM8051,미래에셋전략배분TDF2025혼합자산자투자신탁종류C-Pe
K55234DF3317,IBK로우코스트TDF2055증권자투자신탁[혼합-재간접형]종류C-Re
K55234DF3150,IBK로우코스트TDF2050증권자투자신탁[혼합-재간접형]종류C-Re
K55213C50702,한화LIFEPLUSTDF2045증권투자신탁(혼합-재간접형)C-RPE(퇴직연금)
K55210CO3828,신한마음편한TDF2050증권투자신탁[주식혼합-재간접형](종류C-re)
K55234DF2988,IBK로우코스트TDF2045증권자투자신탁[혼합-재간접형]종류C-Re
K55301D51370,미래에셋전략배분TDF2050혼합자산자투자신탁종류C-P2e
K55206C96121,키움키워드림TDF2040증권투자신탁 1[혼합-재간접형]C-P2e(퇴직연금)
K55223BT1922,KB온국민TDF2050증권자투자신탁(주식혼합-재간접형)(H)C-퇴직e
K55223BT1757,KB온국민TDF2045증권투자신탁(주식혼합-재간접형)C-퇴직e
K55234DF2822,IBK로우코스트TDF2040증권자투자신탁[혼합-재간접형]종류C-Re
K55213C51718,한화LIFEPLUSTDF2035증권투자신탁(혼합-재간접형)C-RPE(퇴직연금)
K55206C95974,키움키워드림TDF2035증권투자신탁 1[혼합-재간접형]C-P2e (퇴직연금)
K55101BT4444,한국투자TDF알아서2045증권투자신탁(주식혼합-재간접형)(C-Re)
K55101CU1644,한국투자TDF알아서2050증권자투자신탁H(주식혼합-재간접형)(C-Re)
K55210BU2419,신한마음편한TDF2035증권투자신탁[주식혼합-재간접형](종류C-re)
K55101BT4428,한국투자TDF알아서2035증권투자신탁(주식혼합-재간접형)(C-Re)
K55213C51064,한화LIFEPLUSTDF2030증권자투자신탁(혼합-재간접형)종류C-RPE(퇴직연금)
K55105CK1592,삼성한국형TDF2050증권투자신탁H[주식혼합-재간접형]Cpe(퇴직연금)
K55105BT9910,삼성한국형TDF2045증권투자신탁H[주식혼합-재간접형]Cpe(퇴직연금)
K55223BT1278,KB온국민TDF2035증권투자신탁(주식혼합-재간접형)C-퇴직e
K55105BT9936,삼성한국형TDF2035증권투자신탁H[주식혼합-재간접형]Cpe(퇴직연금)
K55223BT1096,KB온국민TDF2030증권투자신탁(주식혼합-재간접형)C-퇴직e
K55301BU6113,미래에셋전략배분TDF2030혼합자산자투자신탁 종류C-P2e
K55101BT4402,한국투자TDF알아서2030증권투자신탁(주식혼합-재간접형)(C-Re)
K55370BU1979,AB글로벌고수익증권투자신탁(채권-재간접형)종류형Ce-P
